{
    "name": "world-travel",
    "title": "World Travel Journal Updates",
    "description": "Adds discovered scene links to a shared travel journal using socketlib.",
    "version": "1.0.0",
    "authors": [
      {
        "name": "Steven VanLandingham",
        "url": "https://famtickets.com",
        "discord": "Surreal1481"
      }
    ],
    "minimumCoreVersion": "12",
    "compatibleCoreVersion": "13",
    "scripts": ["WorldTravel.js"],
    "esmodules": [],
    "styles": [],
    "socket": true,
    "required": [
          "socketlib"
        ],
    "url": "https://github.com/surrealzerg/Foundry-World-Travel",
    "manifest": "https://raw.githubusercontent.com/surrealzerg/Foundry-World-Travel/main/module.json?nocache",
    "download": "https://raw.githubusercontent.com/surrealzerg/Foundry-World-Travel/main/world-travel.zip",
    "license": "MIT",
    "flags": {}
  }
  